<?xml version="1.0" encoding="UTF-8"?>
<GenRun Id="impl_1" LaunchPart="xc7a35tcpg236-1" LaunchTime="1663078196">
  <File Type="ROUTE-PWR" Name="top_lab2_power_routed.rpt"/>
  <File Type="PA-TCL" Name="top_lab2.tcl"/>
  <File Type="ROUTE-PWR-SUM" Name="top_lab2_power_summary_routed.pb"/>
  <File Type="REPORTS-TCL" Name="top_lab2_reports.tcl"/>
  <File Type="BITSTR-MSK" Name="top_lab2.msk"/>
  <File Type="ROUTE-CLK" Name="top_lab2_clock_utilization_routed.rpt"/>
  <File Type="RDI-RDI" Name="top_lab2.vdi"/>
  <File Type="BG-BIT" Name="top_lab2.bit"/>
  <File Type="BG-DRC" Name="top_lab2.drc"/>
  <File Type="BG-BGN" Name="top_lab2.bgn"/>
  <File Type="BG-BIN" Name="top_lab2.bin"/>
  <File Type="BITSTR-RBT" Name="top_lab2.rbt"/>
  <File Type="BITSTR-NKY" Name="top_lab2.nky"/>
  <File Type="BITSTR-BMM" Name="top_lab2_bd.bmm"/>
  <File Type="BITSTR-MMI" Name="top_lab2.mmi"/>
  <File Type="ROUTE-METHODOLOGY-DRC" Name="top_lab2_methodology_drc_routed.rpt"/>
  <File Type="BITSTR-SYSDEF" Name="top_lab2.sysdef"/>
  <File Type="BITSTR-LTX" Name="debug_nets.ltx"/>
  <File Type="BITSTR-LTX" Name="top_lab2.ltx"/>
  <File Type="WBT-USG" Name="usage_statistics_webtalk.html"/>
  <File Type="OPT-DRC" Name="top_lab2_drc_opted.rpt"/>
  <File Type="OPT-HWDEF" Name="top_lab2.hwdef"/>
  <File Type="PLACE-IO" Name="top_lab2_io_placed.rpt"/>
  <File Type="PLACE-UTIL" Name="top_lab2_utilization_placed.rpt"/>
  <File Type="PLACE-UTIL-PB" Name="top_lab2_utilization_placed.pb"/>
  <File Type="PLACE-CTRL" Name="top_lab2_control_sets_placed.rpt"/>
  <File Type="PLACE-PRE-SIMILARITY" Name="top_lab2_incremental_reuse_pre_placed.rpt"/>
  <File Type="ROUTE-DRC" Name="top_lab2_drc_routed.rpt"/>
  <File Type="ROUTE-DRC-PB" Name="top_lab2_drc_routed.pb"/>
  <File Type="ROUTE-PWR-RPX" Name="top_lab2_power_routed.rpx"/>
  <File Type="ROUTE-STATUS" Name="top_lab2_route_status.rpt"/>
  <File Type="ROUTE-STATUS-PB" Name="top_lab2_route_status.pb"/>
  <File Type="ROUTE-DCP" Name="top_lab2_routed.dcp"/>
  <File Type="ROUTE-ERROR-DCP" Name="top_lab2_routed_error.dcp"/>
  <File Type="ROUTE-BLACKBOX-DCP" Name="top_lab2_routed_bb.dcp"/>
  <File Type="ROUTE-TIMINGSUMMARY" Name="top_lab2_timing_summary_routed.rpt"/>
  <File Type="ROUTE-TIMING-PB" Name="top_lab2_timing_summary_routed.pb"/>
  <File Type="ROUTE-TIMING-RPX" Name="top_lab2_timing_summary_routed.rpx"/>
  <File Type="ROUTE-BUS-SKEW" Name="top_lab2_bus_skew_routed.rpt"/>
  <File Type="ROUTE-BUS-SKEW-PB" Name="top_lab2_bus_skew_routed.pb"/>
  <File Type="ROUTE-BUS-SKEW-RPX" Name="top_lab2_bus_skew_routed.rpx"/>
  <File Type="OPT-DCP" Name="top_lab2_opt.dcp"/>
  <File Type="PLACE-DCP" Name="top_lab2_placed.dcp"/>
  <File Type="PWROPT-DCP" Name="top_lab2_pwropt.dcp"/>
  <File Type="POSTPLACE-PWROPT-DCP" Name="top_lab2_postplace_pwropt.dcp"/>
  <File Type="PHYSOPT-DCP" Name="top_lab2_physopt.dcp"/>
  <File Type="POSTROUTE-PHYSOPT-DCP" Name="top_lab2_postroute_physopt.dcp"/>
  <File Type="POSTROUTE-PHYSOPT-BLACKBOX-DCP" Name="top_lab2_postroute_physopt_bb.dcp"/>
  <File Type="ROUTE-METHODOLOGY-DRC-PB" Name="top_lab2_methodology_drc_routed.pb"/>
  <File Type="ROUTE-DRC-RPX" Name="top_lab2_drc_routed.rpx"/>
  <File Type="ROUTE-METHODOLOGY-DRC-RPX" Name="top_lab2_methodology_drc_routed.rpx"/>
  <File Type="PDI-FILE" Name="top_lab2.pdi"/>
  <File Type="RCFI_FILE" Name="top_lab2.rcfi"/>
  <File Type="CFI_FILE" Name="top_lab2.cfi"/>
  <File Type="RNPI_FILE" Name="top_lab2.rnpi"/>
  <File Type="NPI_FILE" Name="top_lab2.npi"/>
  <File Type="RBD_FILE" Name="top_lab2.rbd"/>
  <FileSet Name="sources" Type="DesignSrcs" RelSrcDir="$PSRCDIR/sources_1" RelGenDir="$PGENDIR/sources_1">
    <Filter Type="Srcs"/>
    <File Path="$PSRCDIR/sources_1/new/debounce.v">
      <FileInfo>
        <Attr Name="ImportPath" Val="$PPRDIR/../../../../../../../../ECE3829/ECE3829_Lab2/ECE3829_Lab2.srcs/sources_1/new/debounce.v"/>
        <Attr Name="ImportTime" Val="1663076314"/>
        <Attr Name="UsedIn" Val="synthesis"/>
        <Attr Name="UsedIn" Val="implementation"/>
        <Attr Name="UsedIn" Val="simulation"/>
      </FileInfo>
    </File>
    <File Path="$PSRCDIR/sources_1/imports/jacob/ECE3829/ECE3829_Lab1/ECE3829_Lab1.srcs/sources_1/new/seven_seg.v">
      <FileInfo>
        <Attr Name="ImportPath" Val="$PPRDIR/../../../../../../../../ECE3829/ECE3829_Lab1/ECE3829_Lab1.srcs/sources_1/new/seven_seg.v"/>
        <Attr Name="ImportTime" Val="1663076117"/>
        <Attr Name="UsedIn" Val="synthesis"/>
        <Attr Name="UsedIn" Val="implementation"/>
        <Attr Name="UsedIn" Val="simulation"/>
      </FileInfo>
    </File>
    <File Path="$PSRCDIR/sources_1/new/vga_display.v">
      <FileInfo>
        <Attr Name="ImportPath" Val="$PPRDIR/../../../../../../../../ECE3829/ECE3829_Lab2/ECE3829_Lab2.srcs/sources_1/new/vga_display.v"/>
        <Attr Name="ImportTime" Val="1663078800"/>
        <Attr Name="UsedIn" Val="synthesis"/>
        <Attr Name="UsedIn" Val="implementation"/>
        <Attr Name="UsedIn" Val="simulation"/>
      </FileInfo>
    </File>
    <File Path="$PSRCDIR/sources_1/imports/jacob/Downloads/vga_controller_640_60.vhd">
      <FileInfo>
        <Attr Name="ImportPath" Val="$PPRDIR/../../../../../../../../Downloads/vga_controller_640_60.vhd"/>
        <Attr Name="ImportTime" Val="1663022804"/>
        <Attr Name="UsedIn" Val="synthesis"/>
        <Attr Name="UsedIn" Val="simulation"/>
      </FileInfo>
    </File>
    <File Path="$PSRCDIR/sources_1/new/top_lab2.v">
      <FileInfo>
        <Attr Name="ImportPath" Val="$PPRDIR/../../../../../../../../ECE3829/ECE3829_Lab2/ECE3829_Lab2.srcs/sources_1/new/top_lab2.v"/>
        <Attr Name="ImportTime" Val="1663072317"/>
        <Attr Name="UsedIn" Val="synthesis"/>
        <Attr Name="UsedIn" Val="implementation"/>
        <Attr Name="UsedIn" Val="simulation"/>
      </FileInfo>
    </File>
    <Config>
      <Option Name="DesignMode" Val="RTL"/>
      <Option Name="TopModule" Val="top_lab2"/>
    </Config>
  </FileSet>
  <FileSet Name="constrs_in" Type="Constrs" RelSrcDir="$PSRCDIR/constrs_1">
    <Filter Type="Constrs"/>
    <File Path="$PSRCDIR/constrs_1/new/lab2_constraints.xdc">
      <FileInfo>
        <Attr Name="ImportPath" Val="$PPRDIR/../../../../../../../../ECE3829/ECE3829_Lab2/ECE3829_Lab2.srcs/constrs_1/new/lab2_constraints.xdc"/>
        <Attr Name="ImportTime" Val="1663028646"/>
        <Attr Name="UsedIn" Val="synthesis"/>
        <Attr Name="UsedIn" Val="implementation"/>
      </FileInfo>
    </File>
    <Config>
      <Option Name="ConstrsType" Val="XDC"/>
    </Config>
  </FileSet>
  <FileSet Name="utils" Type="Utils" RelSrcDir="$PSRCDIR/utils_1">
    <Filter Type="Utils"/>
    <Config>
      <Option Name="TopAutoSet" Val="TRUE"/>
    </Config>
  </FileSet>
  <Strategy Version="1" Minor="2">
    <StratHandle Name="Vivado Implementation Defaults" Flow="Vivado Implementation 2021"/>
    <Step Id="init_design"/>
    <Step Id="opt_design"/>
    <Step Id="power_opt_design"/>
    <Step Id="place_design"/>
    <Step Id="post_place_power_opt_design"/>
    <Step Id="phys_opt_design"/>
    <Step Id="route_design"/>
    <Step Id="post_route_phys_opt_design"/>
    <Step Id="write_bitstream"/>
    <Step Id="write_device_image"/>
  </Strategy>
  <BlockFileSet Type="BlockSrcs" Name="clk_mmcm_wiz"/>
</GenRun>
