<?xml version="1.0" encoding="UTF-8"?>
<GenRun Id="impl_1" LaunchPart="xc7a35tcpg236-1" LaunchTime="1661864513">
  <File Type="ROUTE-PWR" Name="lab1_top_power_routed.rpt"/>
  <File Type="PA-TCL" Name="lab1_top.tcl"/>
  <File Type="ROUTE-PWR-SUM" Name="lab1_top_power_summary_routed.pb"/>
  <File Type="REPORTS-TCL" Name="lab1_top_reports.tcl"/>
  <File Type="BITSTR-MSK" Name="lab1_top.msk"/>
  <File Type="ROUTE-CLK" Name="lab1_top_clock_utilization_routed.rpt"/>
  <File Type="RDI-RDI" Name="lab1_top.vdi"/>
  <File Type="BG-BIT" Name="lab1_top.bit"/>
  <File Type="BG-DRC" Name="lab1_top.drc"/>
  <File Type="BG-BGN" Name="lab1_top.bgn"/>
  <File Type="BG-BIN" Name="lab1_top.bin"/>
  <File Type="BITSTR-RBT" Name="lab1_top.rbt"/>
  <File Type="BITSTR-NKY" Name="lab1_top.nky"/>
  <File Type="BITSTR-BMM" Name="lab1_top_bd.bmm"/>
  <File Type="BITSTR-MMI" Name="lab1_top.mmi"/>
  <File Type="ROUTE-METHODOLOGY-DRC" Name="lab1_top_methodology_drc_routed.rpt"/>
  <File Type="BITSTR-SYSDEF" Name="lab1_top.sysdef"/>
  <File Type="BITSTR-LTX" Name="debug_nets.ltx"/>
  <File Type="BITSTR-LTX" Name="lab1_top.ltx"/>
  <File Type="WBT-USG" Name="usage_statistics_webtalk.html"/>
  <File Type="OPT-DRC" Name="lab1_top_drc_opted.rpt"/>
  <File Type="OPT-HWDEF" Name="lab1_top.hwdef"/>
  <File Type="PLACE-IO" Name="lab1_top_io_placed.rpt"/>
  <File Type="PLACE-UTIL" Name="lab1_top_utilization_placed.rpt"/>
  <File Type="PLACE-UTIL-PB" Name="lab1_top_utilization_placed.pb"/>
  <File Type="PLACE-CTRL" Name="lab1_top_control_sets_placed.rpt"/>
  <File Type="PLACE-PRE-SIMILARITY" Name="lab1_top_incremental_reuse_pre_placed.rpt"/>
  <File Type="ROUTE-DRC" Name="lab1_top_drc_routed.rpt"/>
  <File Type="ROUTE-DRC-PB" Name="lab1_top_drc_routed.pb"/>
  <File Type="ROUTE-PWR-RPX" Name="lab1_top_power_routed.rpx"/>
  <File Type="ROUTE-STATUS" Name="lab1_top_route_status.rpt"/>
  <File Type="ROUTE-STATUS-PB" Name="lab1_top_route_status.pb"/>
  <File Type="ROUTE-DCP" Name="lab1_top_routed.dcp"/>
  <File Type="ROUTE-ERROR-DCP" Name="lab1_top_routed_error.dcp"/>
  <File Type="ROUTE-BLACKBOX-DCP" Name="lab1_top_routed_bb.dcp"/>
  <File Type="ROUTE-TIMINGSUMMARY" Name="lab1_top_timing_summary_routed.rpt"/>
  <File Type="ROUTE-TIMING-PB" Name="lab1_top_timing_summary_routed.pb"/>
  <File Type="ROUTE-TIMING-RPX" Name="lab1_top_timing_summary_routed.rpx"/>
  <File Type="ROUTE-BUS-SKEW" Name="lab1_top_bus_skew_routed.rpt"/>
  <File Type="ROUTE-BUS-SKEW-PB" Name="lab1_top_bus_skew_routed.pb"/>
  <File Type="ROUTE-BUS-SKEW-RPX" Name="lab1_top_bus_skew_routed.rpx"/>
  <File Type="OPT-DCP" Name="lab1_top_opt.dcp"/>
  <File Type="PLACE-DCP" Name="lab1_top_placed.dcp"/>
  <File Type="PWROPT-DCP" Name="lab1_top_pwropt.dcp"/>
  <File Type="POSTPLACE-PWROPT-DCP" Name="lab1_top_postplace_pwropt.dcp"/>
  <File Type="PHYSOPT-DCP" Name="lab1_top_physopt.dcp"/>
  <File Type="POSTROUTE-PHYSOPT-DCP" Name="lab1_top_postroute_physopt.dcp"/>
  <File Type="POSTROUTE-PHYSOPT-BLACKBOX-DCP" Name="lab1_top_postroute_physopt_bb.dcp"/>
  <File Type="ROUTE-METHODOLOGY-DRC-PB" Name="lab1_top_methodology_drc_routed.pb"/>
  <File Type="ROUTE-DRC-RPX" Name="lab1_top_drc_routed.rpx"/>
  <File Type="ROUTE-METHODOLOGY-DRC-RPX" Name="lab1_top_methodology_drc_routed.rpx"/>
  <File Type="PDI-FILE" Name="lab1_top.pdi"/>
  <File Type="RCFI_FILE" Name="lab1_top.rcfi"/>
  <File Type="CFI_FILE" Name="lab1_top.cfi"/>
  <File Type="RNPI_FILE" Name="lab1_top.rnpi"/>
  <File Type="NPI_FILE" Name="lab1_top.npi"/>
  <File Type="RBD_FILE" Name="lab1_top.rbd"/>
  <FileSet Name="sources" Type="DesignSrcs" RelSrcDir="$PSRCDIR/sources_1" RelGenDir="$PGENDIR/sources_1">
    <Filter Type="Srcs"/>
    <File Path="$PSRCDIR/sources_1/new/input_select.v">
      <FileInfo>
        <Attr Name="ImportPath" Val="$PPRDIR/../../../../../../../../ECE3829/ECE3829_Lab1/ECE3829_Lab1.srcs/sources_1/new/input_select.v"/>
        <Attr Name="ImportTime" Val="1661863681"/>
        <Attr Name="UsedIn" Val="synthesis"/>
        <Attr Name="UsedIn" Val="implementation"/>
        <Attr Name="UsedIn" Val="simulation"/>
      </FileInfo>
    </File>
    <File Path="$PSRCDIR/sources_1/new/seven_seg.v">
      <FileInfo>
        <Attr Name="ImportPath" Val="$PPRDIR/../../../../../../../../ECE3829/ECE3829_Lab1/ECE3829_Lab1.srcs/sources_1/new/seven_seg.v"/>
        <Attr Name="ImportTime" Val="1661862140"/>
        <Attr Name="UsedIn" Val="synthesis"/>
        <Attr Name="UsedIn" Val="implementation"/>
        <Attr Name="UsedIn" Val="simulation"/>
      </FileInfo>
    </File>
    <File Path="$PSRCDIR/sources_1/new/lab1_top.v">
      <FileInfo>
        <Attr Name="ImportPath" Val="$PPRDIR/../../../../../../../../ECE3829/ECE3829_Lab1/ECE3829_Lab1.srcs/sources_1/new/lab1_top.v"/>
        <Attr Name="ImportTime" Val="1661864504"/>
        <Attr Name="UsedIn" Val="synthesis"/>
        <Attr Name="UsedIn" Val="implementation"/>
        <Attr Name="UsedIn" Val="simulation"/>
      </FileInfo>
    </File>
    <Config>
      <Option Name="DesignMode" Val="RTL"/>
      <Option Name="TopModule" Val="lab1_top"/>
      <Option Name="TopAutoSet" Val="TRUE"/>
    </Config>
  </FileSet>
  <FileSet Name="constrs_in" Type="Constrs" RelSrcDir="$PSRCDIR/constrs_1">
    <Filter Type="Constrs"/>
    <File Path="$PSRCDIR/constrs_1/new/lab1_constraints.xdc">
      <FileInfo>
        <Attr Name="ImportPath" Val="$PPRDIR/../../../../../../../../ECE3829/ECE3829_Lab1/ECE3829_Lab1.srcs/constrs_1/new/lab1_constraints.xdc"/>
        <Attr Name="ImportTime" Val="1661823479"/>
        <Attr Name="UsedIn" Val="synthesis"/>
        <Attr Name="UsedIn" Val="implementation"/>
      </FileInfo>
    </File>
    <Config>
      <Option Name="ConstrsType" Val="XDC"/>
    </Config>
  </FileSet>
  <FileSet Name="utils" Type="Utils" RelSrcDir="$PSRCDIR/utils_1">
    <Filter Type="Utils"/>
    <Config>
      <Option Name="TopAutoSet" Val="TRUE"/>
    </Config>
  </FileSet>
  <Strategy Version="1" Minor="2">
    <StratHandle Name="Vivado Implementation Defaults" Flow="Vivado Implementation 2021"/>
    <Step Id="init_design"/>
    <Step Id="opt_design"/>
    <Step Id="power_opt_design"/>
    <Step Id="place_design"/>
    <Step Id="post_place_power_opt_design"/>
    <Step Id="phys_opt_design"/>
    <Step Id="route_design"/>
    <Step Id="post_route_phys_opt_design"/>
    <Step Id="write_bitstream"/>
    <Step Id="write_device_image"/>
  </Strategy>
</GenRun>
