<?xml version="1.0" encoding="UTF-8"?>
<GenRun Id="impl_1" LaunchPart="xc7a35tcpg236-1" LaunchTime="1664479883">
  <File Type="ROUTE-PWR" Name="top_lab3_power_routed.rpt"/>
  <File Type="PA-TCL" Name="top_lab3.tcl"/>
  <File Type="ROUTE-PWR-SUM" Name="top_lab3_power_summary_routed.pb"/>
  <File Type="REPORTS-TCL" Name="top_lab3_reports.tcl"/>
  <File Type="BITSTR-MSK" Name="top_lab3.msk"/>
  <File Type="ROUTE-CLK" Name="top_lab3_clock_utilization_routed.rpt"/>
  <File Type="RDI-RDI" Name="top_lab3.vdi"/>
  <File Type="BG-BIT" Name="top_lab3.bit"/>
  <File Type="BG-DRC" Name="top_lab3.drc"/>
  <File Type="BG-BGN" Name="top_lab3.bgn"/>
  <File Type="BG-BIN" Name="top_lab3.bin"/>
  <File Type="BITSTR-RBT" Name="top_lab3.rbt"/>
  <File Type="BITSTR-NKY" Name="top_lab3.nky"/>
  <File Type="BITSTR-BMM" Name="top_lab3_bd.bmm"/>
  <File Type="BITSTR-MMI" Name="top_lab3.mmi"/>
  <File Type="ROUTE-METHODOLOGY-DRC" Name="top_lab3_methodology_drc_routed.rpt"/>
  <File Type="BITSTR-SYSDEF" Name="top_lab3.sysdef"/>
  <File Type="BITSTR-LTX" Name="debug_nets.ltx"/>
  <File Type="BITSTR-LTX" Name="top_lab3.ltx"/>
  <File Type="WBT-USG" Name="usage_statistics_webtalk.html"/>
  <File Type="OPT-DRC" Name="top_lab3_drc_opted.rpt"/>
  <File Type="OPT-HWDEF" Name="top_lab3.hwdef"/>
  <File Type="PLACE-IO" Name="top_lab3_io_placed.rpt"/>
  <File Type="PLACE-UTIL" Name="top_lab3_utilization_placed.rpt"/>
  <File Type="PLACE-UTIL-PB" Name="top_lab3_utilization_placed.pb"/>
  <File Type="PLACE-CTRL" Name="top_lab3_control_sets_placed.rpt"/>
  <File Type="PLACE-PRE-SIMILARITY" Name="top_lab3_incremental_reuse_pre_placed.rpt"/>
  <File Type="ROUTE-DRC" Name="top_lab3_drc_routed.rpt"/>
  <File Type="ROUTE-DRC-PB" Name="top_lab3_drc_routed.pb"/>
  <File Type="ROUTE-PWR-RPX" Name="top_lab3_power_routed.rpx"/>
  <File Type="ROUTE-STATUS" Name="top_lab3_route_status.rpt"/>
  <File Type="ROUTE-STATUS-PB" Name="top_lab3_route_status.pb"/>
  <File Type="ROUTE-DCP" Name="top_lab3_routed.dcp"/>
  <File Type="ROUTE-ERROR-DCP" Name="top_lab3_routed_error.dcp"/>
  <File Type="ROUTE-BLACKBOX-DCP" Name="top_lab3_routed_bb.dcp"/>
  <File Type="ROUTE-TIMINGSUMMARY" Name="top_lab3_timing_summary_routed.rpt"/>
  <File Type="ROUTE-TIMING-PB" Name="top_lab3_timing_summary_routed.pb"/>
  <File Type="ROUTE-TIMING-RPX" Name="top_lab3_timing_summary_routed.rpx"/>
  <File Type="ROUTE-BUS-SKEW" Name="top_lab3_bus_skew_routed.rpt"/>
  <File Type="ROUTE-BUS-SKEW-PB" Name="top_lab3_bus_skew_routed.pb"/>
  <File Type="ROUTE-BUS-SKEW-RPX" Name="top_lab3_bus_skew_routed.rpx"/>
  <File Type="OPT-DCP" Name="top_lab3_opt.dcp"/>
  <File Type="PLACE-DCP" Name="top_lab3_placed.dcp"/>
  <File Type="PWROPT-DCP" Name="top_lab3_pwropt.dcp"/>
  <File Type="POSTPLACE-PWROPT-DCP" Name="top_lab3_postplace_pwropt.dcp"/>
  <File Type="PHYSOPT-DCP" Name="top_lab3_physopt.dcp"/>
  <File Type="POSTROUTE-PHYSOPT-DCP" Name="top_lab3_postroute_physopt.dcp"/>
  <File Type="POSTROUTE-PHYSOPT-BLACKBOX-DCP" Name="top_lab3_postroute_physopt_bb.dcp"/>
  <File Type="ROUTE-METHODOLOGY-DRC-PB" Name="top_lab3_methodology_drc_routed.pb"/>
  <File Type="ROUTE-DRC-RPX" Name="top_lab3_drc_routed.rpx"/>
  <File Type="ROUTE-METHODOLOGY-DRC-RPX" Name="top_lab3_methodology_drc_routed.rpx"/>
  <File Type="PDI-FILE" Name="top_lab3.pdi"/>
  <File Type="RCFI_FILE" Name="top_lab3.rcfi"/>
  <File Type="CFI_FILE" Name="top_lab3.cfi"/>
  <File Type="RNPI_FILE" Name="top_lab3.rnpi"/>
  <File Type="NPI_FILE" Name="top_lab3.npi"/>
  <File Type="RBD_FILE" Name="top_lab3.rbd"/>
  <FileSet Name="sources" Type="DesignSrcs" RelSrcDir="$PSRCDIR/sources_1" RelGenDir="$PGENDIR/sources_1">
    <Filter Type="Srcs"/>
    <File Path="$PSRCDIR/sources_1/new/clkgen.v">
      <FileInfo>
        <Attr Name="ImportPath" Val="$PPRDIR/../../../../../../../../ECE3829/ECE3829_Lab3/ECE3829_Lab3.srcs/sources_1/new/clkgen.v"/>
        <Attr Name="ImportTime" Val="1664478678"/>
        <Attr Name="UsedIn" Val="synthesis"/>
        <Attr Name="UsedIn" Val="implementation"/>
        <Attr Name="UsedIn" Val="simulation"/>
      </FileInfo>
    </File>
    <File Path="$PSRCDIR/sources_1/new/light_sensor.v">
      <FileInfo>
        <Attr Name="ImportPath" Val="$PPRDIR/../../../../../../../../ECE3829/ECE3829_Lab3/ECE3829_Lab3.srcs/sources_1/new/light_sensor.v"/>
        <Attr Name="ImportTime" Val="1664238314"/>
        <Attr Name="UsedIn" Val="synthesis"/>
        <Attr Name="UsedIn" Val="implementation"/>
        <Attr Name="UsedIn" Val="simulation"/>
      </FileInfo>
    </File>
    <File Path="$PSRCDIR/sources_1/imports/new/seven_seg.v">
      <FileInfo>
        <Attr Name="ImportPath" Val="$PPRDIR/../../../../../../../../ECE3829/ECE3829_Lab1/ECE3829_Lab1.srcs/sources_1/new/seven_seg.v"/>
        <Attr Name="ImportTime" Val="1664479872"/>
        <Attr Name="UsedIn" Val="synthesis"/>
        <Attr Name="UsedIn" Val="implementation"/>
        <Attr Name="UsedIn" Val="simulation"/>
      </FileInfo>
    </File>
    <File Path="$PSRCDIR/sources_1/new/top_lab3.v">
      <FileInfo>
        <Attr Name="ImportPath" Val="$PPRDIR/../../../../../../../../ECE3829/ECE3829_Lab3/ECE3829_Lab3.srcs/sources_1/new/top_lab3.v"/>
        <Attr Name="ImportTime" Val="1664479781"/>
        <Attr Name="UsedIn" Val="synthesis"/>
        <Attr Name="UsedIn" Val="implementation"/>
        <Attr Name="UsedIn" Val="simulation"/>
      </FileInfo>
    </File>
    <Config>
      <Option Name="DesignMode" Val="RTL"/>
      <Option Name="TopModule" Val="top_lab3"/>
      <Option Name="TopAutoSet" Val="TRUE"/>
    </Config>
  </FileSet>
  <FileSet Name="constrs_in" Type="Constrs" RelSrcDir="$PSRCDIR/constrs_1">
    <Filter Type="Constrs"/>
    <File Path="$PSRCDIR/constrs_1/new/lab3_constraints.xdc">
      <FileInfo>
        <Attr Name="ImportPath" Val="$PPRDIR/../../../../../../../../ECE3829/ECE3829_Lab3/ECE3829_Lab3.srcs/constrs_1/new/lab3_constraints.xdc"/>
        <Attr Name="ImportTime" Val="1664313273"/>
        <Attr Name="UsedIn" Val="synthesis"/>
        <Attr Name="UsedIn" Val="implementation"/>
      </FileInfo>
    </File>
    <Config>
      <Option Name="ConstrsType" Val="XDC"/>
    </Config>
  </FileSet>
  <FileSet Name="utils" Type="Utils" RelSrcDir="$PSRCDIR/utils_1">
    <Filter Type="Utils"/>
    <Config>
      <Option Name="TopAutoSet" Val="TRUE"/>
    </Config>
  </FileSet>
  <Strategy Version="1" Minor="2">
    <StratHandle Name="Vivado Implementation Defaults" Flow="Vivado Implementation 2021"/>
    <Step Id="init_design"/>
    <Step Id="opt_design"/>
    <Step Id="power_opt_design"/>
    <Step Id="place_design"/>
    <Step Id="post_place_power_opt_design"/>
    <Step Id="phys_opt_design"/>
    <Step Id="route_design"/>
    <Step Id="post_route_phys_opt_design"/>
    <Step Id="write_bitstream"/>
    <Step Id="write_device_image"/>
  </Strategy>
  <BlockFileSet Type="BlockSrcs" Name="clk_mmcm_wiz"/>
</GenRun>
